<?xml version="1.0" encoding="UTF-8"?>
<beans xmlns="http://www.springframework.org/schema/beans"
	xmlns:xsi="http://www.w3.org/2001/XMLSchema-instance"
	xmlns:aop="http://www.springframework.org/schema/aop"
	xmlns:tx="http://www.springframework.org/schema/tx"
	xmlns:jpa="http://www.springframework.org/schema/data/jpa"
	xmlns:context="http://www.springframework.org/schema/context"
	xmlns:mvc="http://www.springframework.org/schema/mvc"
	xsi:schemaLocation="http://www.springframework.org/schema/mvc http://www.springframework.org/schema/mvc/spring-mvc-4.1.xsd
		http://www.springframework.org/schema/beans http://www.springframework.org/schema/beans/spring-beans.xsd
		http://www.springframework.org/schema/context http://www.springframework.org/schema/context/spring-context-4.1.xsd
		http://www.springframework.org/schema/aop http://www.springframework.org/schema/aop/spring-aop.xsd
		http://www.springframework.org/schema/data/jpa http://www.springframework.org/schema/data/jpa/spring-jpa-1.8.xsd
		http://www.springframework.org/schema/tx http://www.springframework.org/schema/tx/spring-tx.xsd">
	<!-- Root Context: defines shared resources visible to all other web components -->
	<!-- DB Connection -->
	<!-- DataSource -->
	<!-- <bean id="dataSource" class="org.springframework.jndi.JndiObjectFactoryBean"> 
		<property name="jndiName" value="java:comp/env/jdbc/oracle11g"/> </bean> -->
	<mvc:annotation-driven />
	<tx:annotation-driven />
	<mvc:annotation-driven>
		<mvc:argument-resolvers>
			<bean
				class="org.springframework.data.web.PageableHandlerMethodArgumentResolver" />
		</mvc:argument-resolvers>
	</mvc:annotation-driven>

	<jpa:repositories
		base-package="com.tumbl.*.*.repository" />

	<context:component-scan
		base-package="com.tumbl.*.*.service, com.tumbl.*.*.repository" />

	<context:component-scan
		base-package="com.tumbl.*.*.controller" />

	<bean id="dataSource" class="com.zaxxer.hikari.HikariDataSource">
		<constructor-arg>
			<bean class="com.zaxxer.hikari.HikariConfig">
				<constructor-arg>
					<props>
						<prop key="dataSource.url">jdbc:mysql://localhost/jpaexam</prop>
						<prop key="dataSource.user">root</prop>
						<prop key="dataSource.password">root</prop>
					</props>
				</constructor-arg>
				<property name="dataSourceClassName"
					value="com.mysql.jdbc.jdbc2.optional.MysqlDataSource" />
				<property name="minimumIdle" value="5" />
				<property name="maximumPoolSize" value="10" />
				<property name="connectionTestQuery" value="SELECT 1" />
				<property name="connectionTimeout" value="300000" />
			</bean>
		</constructor-arg>
	</bean>
	<!-- <bean id="dataSource" class="org.apache.tomcat.jdbc.pool.DataSource"> 
		<property name="driverClassName" value="com.mysql.jdbc.Driver" /> <property 
		name="url" value="jdbc:mysql://localhost:3306/jpaexam" /> <property name="username" 
		value="root" /> <property name="password" value="root" /> </bean> -->

	<!-- <bean id="dataSource" class="com.zaxxer.hikari.HikariDataSource"> <property 
		name="dataSourceClassName" value="com.mysql.jdbc.Driver" /> <property name="dataSourceProperties"> 
		<props> <prop key="url" >jdbc:mysql//localhost:3306/jpaexam</prop> <prop 
		key="user">root</prop> <prop key="password">root</prop> </props> </property> 
		</bean> -->

	<bean id="transactionManager"
		class="org.springframework.orm.jpa.JpaTransactionManager">
		<property name="dataSource" ref="dataSource" />
	</bean>



	<!-- JPA 예외를 스프링 예외로 변환 -->
	<bean
		class="org.springframework.dao.annotation.PersistenceExceptionTranslationPostProcessor" />


	<bean id="entityManagerFactory"
		class="org.springframework.orm.jpa.LocalContainerEntityManagerFactoryBean">
		<property name="dataSource" ref="dataSource" />
		<property name="packagesToScan" value="com.tumbl.*.*.vo" /> <!-- @Entity 탐색 시작 위치 -->
		<property name="jpaVendorAdapter">
			<!-- 하이버네이트 구현체 사용 -->
			<bean
				class="org.springframework.orm.jpa.vendor.HibernateJpaVendorAdapter" />
		</property>
		<property name="jpaProperties"> <!-- 하이버네이트 상세 설정 -->
			<props>
				<prop key="hibernate.dialect">org.hibernate.dialect.MySQLDialect</prop> <!-- 방언 -->
				<prop key="hibernate.show_sql">true</prop>                   <!-- SQL 보기 -->
				<prop key="hibernate.format_sql">true</prop>                 <!-- SQL 정렬해서 보기 -->
				<prop key="hibernate.use_sql_comments">true</prop>           <!-- SQL 코멘트 보기 -->
				<prop key="hibernate.id.new_generator_mappings">true</prop>  <!-- 새 버전의 ID 생성 옵션 -->
				<prop key="hibernate.hbm2ddl.auto">update</prop>             <!-- DDL 자동 생성 -->
			</props>
		</property>
	</bean>
	<!-- Mybatis Setting -->
	<!-- - SqlSessionFactory는 데이터베이스와의 연결과 SQL의 실행에 대한 모든 것을 가진 가장 중요한 객체이다. 
		- SqlSessionFactory를 생성해 주는 객체를 설정해 주어야 하는데 SqlSessionFactoryBean 이라는 클래스이다. -->
	<!-- <bean id="sqlSessionFactory" class="org.mybatis.spring.SqlSessionFactoryBean"> 
		<property name="dataSource" ref="dataSource" /> <property name="configLocation" 
		value="classpath:config/mybatis-config.xml" /> <property name="mapperLocations" 
		value="classpath:query/*.xml" /> </bean> <bean id="sqlSession" class="org.mybatis.spring.SqlSessionTemplate" 
		destroy-method="clearCache"> <constructor-arg name="sqlSessionFactory" ref="sqlSessionFactory" 
		/> </bean> a PlatformTransactionManager is still required <bean id="transactionManager" 
		class="org.springframework.jdbc.datasource.DataSourceTransactionManager"> 
		<property name="dataSource" ref="dataSource" /> </bean> <bean class="org.mybatis.spring.mapper.MapperScannerConfigurer"> 
		<property name="basePackage"> <value>com.tumbl.**.**.dao</value> </property> 
		</bean> -->

	<!-- <bean id="javaMailSender" class="org.springframework.mail.javamail.JavaMailSenderImpl"> 
		<property name="host" value="smtp.gmail.com" /> <property name="port" value="587" 
		/> <property name="username" value="poiuripjava@gmail.com" /> <property name="password" 
		value="alsdud12" /> <property name="javaMailProperties"> <props> <prop key="mail.smtp.ssl.trust">smtp.gmail.com</prop> 
		<prop key="mail.smtp.starttls.enable">true</prop> <prop key="mail.smtp.auth">true</prop> 
		</props> </property> </bean> -->

	<mvc:default-servlet-handler />

	<mvc:interceptors>
		<bean
			class="org.springframework.orm.jpa.support.OpenEntityManagerInViewInterceptor">
			<property name="entityManagerFactory"
				ref="entityManagerFactory" />
		</bean>
	</mvc:interceptors>

</beans>