<?xml version="1.0" encoding="UTF-8"?>
<!DOCTYPE mapper PUBLIC "-//mybatis.org//DTD Mapper 3.0//EN" "http://mybatis.org/dtd/mybatis-3-mapper.dtd">
<mapper namespace="com.tumbl.client.login.dao.LoginDao">
	<select id="userIdSelect" parameterType="String" resultType="login">
		select
		email,
		m_pw
		from member
		where email = #{email}
	</select>

	<select id="loginSelect" parameterType="login" resultType="login">
		/* 로그인
		처리 쿼리 */
		select
		email,
		m_pw,
		m_name
		from member
		where email = #{email} and m_pw = #{m_pw}
	</select>


	<insert id="loginHistoryInsert" parameterType="login">
		insert into
		login_history(
		idx, email, retry, lastFailedLogin, lastSuccessedLogin,
		clientIP)
		values(
		login_history_seq.nextval, #{email},
		#{retry,jdbcType=INTEGER},
		#{lastFailedLogin,jdbcType=INTEGER},
		#{lastSuccessedLogin,jdbcType=INTEGER},
		#{clientIP,jdbcType=VARCHAR}
		)
	</insert>


	<update id="loginHistoryUpdate" parameterType="login">
		update
		login_history
		set retry = #{retry},
		lastFailedLogin =
		#{lastFailedLogin},
		lastSuccessedLogin = #{lastSuccessedLogin},
		clientIP = #{clientIP,jdbcType=VARCHAR}
		where idx = #{idx} and email =
		#{email}
	</update>


	<select id="loginHistorySelect" parameterType="String"
		resultType="login">
		select
		idx,
		email,
		retry,
		lastFailedLogin,
		lastSuccessedLogin,
		clientIP
		from login_history
		where email = #{email}
	</select>
</mapper>