<?xml version="1.0" encoding="UTF-8"?>
<!DOCTYPE mapper PUBLIC "-//mybatis.org//DTD Mapper 3.0//EN" "http://mybatis.org/dtd/mybatis-3-mapper.dtd">
<mapper namespace="com.tumbl.client.reply.dao.ReplyDao">
	<!-- 댓글 전체 조회(해당 게시물번호에 대해) -->
	<select id="replyList" parameterType="reply" resultType="reply">
		select
		r_num, q_num, r_name, r_content, to_char(r_date,'YYYY-MM-DD
		HH24:MI:SS') as r_date from QUESTION_REPLY where q_num = #{q_num} order
		by r_num desc
	</select>    <!-- 댓글 등록 -->
	<insert id="replyInsert" parameterType="reply">
		/* Reply - replyInsert */
		<selectKey keyProperty="r_num" resultType="int" order="BEFORE">
			select QUESTION_REPLY_seq.nextval from dual   </selectKey>
		insert into QUESTION_REPLY( r_num, q_num, r_name, r_content
		)values( #{r_num}, #{q_num}, #{r_name}, #{r_content} )
	</insert>

	<select id="pwdConfirm" parameterType="reply" resultType="int"> /*
		Reply - pwdConfirm */ SELECT NVL(( SELECT 1 FROM QUESTION_REPLY WHERE
		r_num = #{r_num} ), 0) as state FROM dual
	</select>      <!-- 댓글 수정 -->
	<update id="replyUpdate" parameterType="reply"> /* Reply - replyUpdate
		*/ update QUESTION_REPLY set r_content = #{r_content}, r_date = sysdate
		where r_num = #{r_num}  </update>

	<!-- 댓글 삭제 -->
	<delete id="replyDelete" parameterType="reply"> /* Reply - replyDelete
		*/ delete from QUESTION_REPLY where r_num = #{r_num}  </delete>
</mapper>