<?xml version="1.0" encoding="UTF-8"?>
<!DOCTYPE tiles-definitions PUBLIC "-//Apache Software Foundation//DTD Tiles Configuration 2.0//EN"
"http://tiles.apache.org/dtds/tiles-config_2_0.dtd">

<tiles-definitions>
	<definition name="intro"
		template="/WEB-INF/views/template/client/mainLayout.jsp">
		<put-attribute name="title" value="TUMBLBAK" />
		<put-attribute name="header"
			value="/WEB-INF/views/template/client/header.jsp" />
		
	</definition>

	<definition name="content"
		template="/WEB-INF/views/template/client/contentLayout.jsp">
		<put-attribute name="title" value="TUMBLBAK" />
		<put-attribute name="header"
			value="/WEB-INF/views/template/client/header.jsp" />
		<put-attribute name="body" value="" />
		
	</definition>
	
	<definition name="board/*" extends="content">
		<put-attribute name="title" value="문의하기" />
		<put-attribute name="body" value="/WEB-INF/views/board/{1}.jsp" />
	</definition>
	
	<definition name="project/*" extends="content">
		<put-attribute name="title" value="프로젝트" />
		<put-attribute name="body" value="/WEB-INF/views/project/{1}.jsp" />
	</definition>
	
	<definition name="notice/*" extends="content">
		<put-attribute name="title" value="공지사항" />
		<put-attribute name="body" value="/WEB-INF/views/notice/{1}.jsp" />
	</definition>
	
	<definition name="support/*" extends="content">
		<put-attribute name="title" value="후원하기" />
		<put-attribute name="body" value="/WEB-INF/views/support/{1}.jsp" />
	</definition>
	
	<definition name="member/*" extends="content">
		<put-attribute name="title" value="" />
		<put-attribute name="body" value="/WEB-INF/views/member/{1}.jsp" />
	</definition>
	<definition name="member/mypage" extends="content">
		<put-attribute name="title" value="마이페이지" />
		<put-attribute name="body" value="/WEB-INF/views/member/mypage.jsp" />
	</definition>
</tiles-definitions>