<?xml version="1.0" encoding="UTF-8"?>

<!DOCTYPE mapper PUBLIC "-//mybatis.org//DTD Mapper 3.0//EN" "http://mybatis.org/dtd/mybatis-3-mapper.dtd">

<mapper namespace="com.tumbl.admin.member.dao.AdminMemberDao">
	<resultMap type="java.util.TreeMap" id="graph" />

	<!-- 회원 기본 정보 조회 <select id="memberList" resultType ="member"> SELECT idx, 
		userid, userpw, username, pinno, joindate, email, phone FROM spring_member 
		</select> -->

	<select id="memberSearchList" parameterType="member" resultType="member">
		SELECT idx, m_pw,
		m_joindate
		,REGEXP_REPLACE(email, '.', '*', 4) as
		email
		,REGEXP_REPLACE(m_name, '.', '*', 2) as m_name
		,REGEXP_REPLACE(m_phone,'(\d{3})\-(\d{3,4})\-(\d{4})','\1-****-\3') as
		m_phone
		FROM
		member
		<where>
			<if test="search=='all'"> 
    		<![CDATA[ email LIKE '%'|| #{keyword} ||'%' or m_name LIKE '%'|| #{keyword} ||'%' or m_phone LIKE '%'|| #{keyword} ||'%' or m_joindate LIKE '%'|| #{keyword} ||'%' ]]>
			</if>
			<if test="search=='email'"> 
    		<![CDATA[ email LIKE '%'|| #{keyword} ||'%' ]]>
			</if>
			<if test="search=='m_name'">     
			<![CDATA[ m_name LIKE '%'|| #{keyword} ||'%' ]]>
			</if>
			<if test="search=='m_phone'">     
			<![CDATA[ m_phone LIKE '%'|| #{keyword} ||'%' ]]>
			</if>
			<if test="search=='m_joindate'">     
			<![CDATA[ m_joindate LIKE '%'|| #{keyword} ||'%' ]]>
			</if>
		</where>
	</select>
	<!-- 회원 기본 조회(마스킹 처리) -->
	<select id="memberList" resultType="member">
		SELECT idx, m_pw,
		m_joindate
		,REGEXP_REPLACE(email, '.', '*', 4) as email
		,REGEXP_REPLACE(m_name,
		'.', '*', 2) as m_name
		,REGEXP_REPLACE(m_phone,'(\d{3})\-(\d{3,4})\-(\d{4})','\1-****-\3') as
		m_phone
		FROM
		member
	</select>

	<!-- 회원 연령대 조회 -->
	<select id="memberAgeList" resultMap="graph">
		<!-- 년도 기준 나이 -->
		SELECT COUNT(CASE WHEN <![CDATA[ age < 10 ]]>
		THEN 1 END) "10세미만"
		, COUNT(CASE WHEN age BETWEEN 10 AND 19 THEN 1 END)
		"10대"
		, COUNT(CASE WHEN age BETWEEN 20 AND 29 THEN 1 END) "20대"
		,
		COUNT(CASE WHEN age BETWEEN 30 AND 39 THEN 1 END) "30대"
		, COUNT(CASE
		WHEN age BETWEEN 40 AND 49 THEN 1 END) "40대"
		, COUNT(CASE WHEN age
		BETWEEN 50 AND 59 THEN 1 END) "50대"
		, COUNT(CASE WHEN age BETWEEN 60
		AND 69 THEN 1 END) "60대"
		, COUNT(CASE WHEN age BETWEEN 70 AND 79 THEN 1
		END) "70대"
		, COUNT(CASE WHEN <![CDATA[ age >= 80 ]]>
		THEN 1 END) "80세이상"
		FROM (
		SELECT TO_CHAR(sysdate, 'yyyy') –
		CONCAT(CASE
		WHEN SUBSTR(pinno,8,1) IN ('1','2') THEN '19' ELSE '20' END,
		SUBSTR(pinno,1,2)) AS age
		FROM spring_member
		)
	</select>

	<select id="memberGenderList" resultMap="graph">
		SELECT COUNT(CASE WHEN
		SUBSTR(pinno,8,1) IN ('1','3') THEN 1 END) "men"
		, COUNT(CASE WHEN
		SUBSTR(pinno,8,1) IN ('2','4') THEN 1 END) "women"
		FROM spring_member
	</select>


</mapper>