<?xml version="1.0" encoding="UTF-8"?>
<beans:beans xmlns="http://www.springframework.org/schema/mvc"
	xmlns:xsi="http://www.w3.org/2001/XMLSchema-instance" xmlns:beans="http://www.springframework.org/schema/beans"
	xmlns:context="http://www.springframework.org/schema/context"
	xsi:schemaLocation="http://www.springframework.org/schema/mvc http://www.springframework.org/schema/mvc/spring-mvc.xsd
		http://www.springframework.org/schema/beans http://www.springframework.org/schema/beans/spring-beans.xsd
		http://www.springframework.org/schema/context http://www.springframework.org/schema/context/spring-context.xsd">

	<!-- DispatcherServlet Context: defines this servlet's request-processing 
		infrastructure -->

	<context:annotation-config />
	<!-- Enables the Spring MVC @Controller programming model -->
	<annotation-driven />

	<!-- Handles HTTP GET requests for /resources/** by efficiently serving 
		up static resources in the ${webappRoot}/resources directory -->
	<resources mapping="/resources/**" location="/resources/" />
	<resources mapping="/uploadStorage/**" location="/uploadStorage/" />
	<resources mapping="/graph/**" location="/graph/" />



	<!-- ViewResolver에 설정 부분을 주석처리 한다. -->
	<!-- // Resolves views selected for rendering by @Controllers to .jsp resources 
		in the /WEB-INF/views directory <beans:bean class="org.springframework.web.servlet.view.InternalResourceViewResolver"> 
		<beans:property name="prefix" value="/WEB-INF/views/" /> <beans:property 
		name="suffix" value=".jsp" /> </beans:bean> -->


	<!-- 첨부파일을 위한 설정 -->
	<beans:bean id="multipartResolver"
		class="org.springframework.web.multipart.commons.CommonsMultipartResolver">
		<beans:property name="defaultEncoding" value="UTF-8"></beans:property>
		<beans:property name="maxUploadSize" value="5242880"></beans:property>
	</beans:bean>

	<!-- 타일즈(tiles) 생성 -->
	<beans:bean id="tilesConfigurer"
		class="org.springframework.web.servlet.view.tiles2.TilesConfigurer">
		<beans:property name="definitions">
			<beans:list>
				<beans:value>/WEB-INF/tiles/tiles-setting.xml</beans:value>
				<beans:value>/WEB-INF/tiles/admin-setting.xml</beans:value> 
			</beans:list>
		</beans:property>
	</beans:bean>


	<beans:bean id="tilesViewResolver"
		class="org.springframework.web.servlet.view.UrlBasedViewResolver">
		<beans:property name="viewClass"
			value="org.springframework.web.servlet.view.tiles2.TilesView" />
		<beans:property name="order" value="1" /> <!-- 우선순위설정 -->
	</beans:bean>

	<beans:bean id="viewResolver"
		class="org.springframework.web.servlet.view.InternalResourceViewResolver">
		<beans:property name="prefix" value="/WEB-INF/views/" />
		<beans:property name="suffix" value=".jsp" />
		<beans:property name="order" value="2" />
	</beans:bean>

	<context:component-scan base-package="src.controller"/>

	<context:component-scan base-package="com.tumbl.**.**.**" />


</beans:beans>
